"seriesid","date"
"00013d14-aea4-5fbd-8aab-343427853a53","2020-01-22"
"00013d14-aea4-5fbd-8aab-343427853a53","2020-02-21"
"00013d14-aea4-5fbd-8aab-343427853a53","2020-03-20"
"00013d14-aea4-5fbd-8aab-343427853a53","2020-04-22"
"00013d14-aea4-5fbd-8aab-343427853a53","2020-05-23"
"00013d14-aea4-5fbd-8aab-343427853a53","2020-06-22"
"00013d14-aea4-5fbd-8aab-343427853a53","2020-07-22"
"00013d14-aea4-5fbd-8aab-343427853a53","2020-08-21"
"000154cf-8aa3-5c4e-8ee9-634c5969af1e","2020-05-29"
"000154cf-8aa3-5c4e-8ee9-634c5969af1e","2020-07-02"
"000154cf-8aa3-5c4e-8ee9-634c5969af1e","2020-07-31"
"0001f056-88dd-5e55-934d-0ffbc88e827a","2020-03-06"
"0001f056-88dd-5e55-934d-0ffbc88e827a","2020-04-06"
"0001f056-88dd-5e55-934d-0ffbc88e827a","2020-05-06"
"0001f056-88dd-5e55-934d-0ffbc88e827a","2020-06-04"
"0001f056-88dd-5e55-934d-0ffbc88e827a","2020-07-06"
"0001f056-88dd-5e55-934d-0ffbc88e827a","2020-08-06"
"00027584-f750-5592-8be9-5c42ff5f4a69","2019-12-09"
"00027584-f750-5592-8be9-5c42ff5f4a69","2020-01-08"
"00027584-f750-5592-8be9-5c42ff5f4a69","2020-02-10"
"00027584-f750-5592-8be9-5c42ff5f4a69","2020-03-09"
"00027584-f750-5592-8be9-5c42ff5f4a69","2020-04-07"
"00027584-f750-5592-8be9-5c42ff5f4a69","2020-05-10"
"00027584-f750-5592-8be9-5c42ff5f4a69","2020-06-07"
"00027584-f750-5592-8be9-5c42ff5f4a69","2020-07-07"
"00027584-f750-5592-8be9-5c42ff5f4a69","2020-08-09"
"00064e6a-898d-5e0e-bf76-34d742facde0","2019-03-01"
"00064e6a-898d-5e0e-bf76-34d742facde0","2019-04-01"
"00064e6a-898d-5e0e-bf76-34d742facde0","2019-05-01"
"00064e6a-898d-5e0e-bf76-34d742facde0","2019-06-03"
"00064e6a-898d-5e0e-bf76-34d742facde0","2019-07-01"
"00064e6a-898d-5e0e-bf76-34d742facde0","2019-08-01"
"00064e6a-898d-5e0e-bf76-34d742facde0","2019-09-02"
"00064e6a-898d-5e0e-bf76-34d742facde0","2019-10-01"
"00064e6a-898d-5e0e-bf76-34d742facde0","2019-11-01"
"00064e6a-898d-5e0e-bf76-34d742facde0","2019-12-02"
"00064e6a-898d-5e0e-bf76-34d742facde0","2020-01-02"
"00064e6a-898d-5e0e-bf76-34d742facde0","2020-02-03"
"00064e6a-898d-5e0e-bf76-34d742facde0","2020-03-02"
"00064e6a-898d-5e0e-bf76-34d742facde0","2020-04-01"
"00064e6a-898d-5e0e-bf76-34d742facde0","2020-05-01"
"00064e6a-898d-5e0e-bf76-34d742facde0","2020-06-01"
"00064e6a-898d-5e0e-bf76-34d742facde0","2020-07-01"
"00064e6a-898d-5e0e-bf76-34d742facde0","2020-08-03"
"0006aaa0-75f5-5560-a3d4-9a68faf32ebf","2020-06-29"
"0006aaa0-75f5-5560-a3d4-9a68faf32ebf","2020-07-27"
"0006aaa0-75f5-5560-a3d4-9a68faf32ebf","2020-08-27"
"0007d7d1-08b6-5ebc-a5e0-894cae45cd43","2019-12-16"
"0007d7d1-08b6-5ebc-a5e0-894cae45cd43","2020-01-15"
"0007d7d1-08b6-5ebc-a5e0-894cae45cd43","2020-02-17"
"0007d7d1-08b6-5ebc-a5e0-894cae45cd43","2020-03-16"
"0007d7d1-08b6-5ebc-a5e0-894cae45cd43","2020-04-15"
"0007d7d1-08b6-5ebc-a5e0-894cae45cd43","2020-05-15"
"0007d7d1-08b6-5ebc-a5e0-894cae45cd43","2020-06-15"
"0007d7d1-08b6-5ebc-a5e0-894cae45cd43","2020-07-15"
"0007d7d1-08b6-5ebc-a5e0-894cae45cd43","2020-08-17"
"000c280c-f2a9-545d-90ba-b1d90db4fba6","2019-11-01"
"000c280c-f2a9-545d-90ba-b1d90db4fba6","2019-12-02"
"000c280c-f2a9-545d-90ba-b1d90db4fba6","2020-01-02"
"000c280c-f2a9-545d-90ba-b1d90db4fba6","2020-02-03"
"000c280c-f2a9-545d-90ba-b1d90db4fba6","2020-03-02"
"000c280c-f2a9-545d-90ba-b1d90db4fba6","2020-04-01"
"000c280c-f2a9-545d-90ba-b1d90db4fba6","2020-05-01"
"000c280c-f2a9-545d-90ba-b1d90db4fba6","2020-06-01"
"000c280c-f2a9-545d-90ba-b1d90db4fba6","2020-07-01"
"000c280c-f2a9-545d-90ba-b1d90db4fba6","2020-08-03"
"000c6a4a-39f5-5ebc-841d-96f958f44df4","2019-09-27"
"000c6a4a-39f5-5ebc-841d-96f958f44df4","2019-10-28"
"000c6a4a-39f5-5ebc-841d-96f958f44df4","2019-11-27"
"000c6a4a-39f5-5ebc-841d-96f958f44df4","2019-12-27"
"000c6a4a-39f5-5ebc-841d-96f958f44df4","2020-01-27"
"000c6a4a-39f5-5ebc-841d-96f958f44df4","2020-02-27"
"000c6a4a-39f5-5ebc-841d-96f958f44df4","2020-03-27"
"000c6a4a-39f5-5ebc-841d-96f958f44df4","2020-04-27"
"000c6a4a-39f5-5ebc-841d-96f958f44df4","2020-05-27"
"000c6a4a-39f5-5ebc-841d-96f958f44df4","2020-06-29"
"000c6a4a-39f5-5ebc-841d-96f958f44df4","2020-07-27"
"000c6a4a-39f5-5ebc-841d-96f958f44df4","2020-08-27"
"000c98b7-3bf4-5496-bbe5-69af1b7f7971","2020-04-14"
"000c98b7-3bf4-5496-bbe5-69af1b7f7971","2020-05-11"
"000c98b7-3bf4-5496-bbe5-69af1b7f7971","2020-06-10"
"000c98b7-3bf4-5496-bbe5-69af1b7f7971","2020-07-10"
"000c98b7-3bf4-5496-bbe5-69af1b7f7971","2020-08-10"
"000d881d-f730-57dc-8f2d-5414b71963d1","2019-06-10"
"000d881d-f730-57dc-8f2d-5414b71963d1","2019-07-10"
"000d881d-f730-57dc-8f2d-5414b71963d1","2019-08-12"
"000d881d-f730-57dc-8f2d-5414b71963d1","2019-09-10"
"000d881d-f730-57dc-8f2d-5414b71963d1","2019-10-10"
"000d881d-f730-57dc-8f2d-5414b71963d1","2019-11-11"
"000d881d-f730-57dc-8f2d-5414b71963d1","2019-12-10"
"000d881d-f730-57dc-8f2d-5414b71963d1","2020-01-10"
"000d881d-f730-57dc-8f2d-5414b71963d1","2020-02-10"
"000d881d-f730-57dc-8f2d-5414b71963d1","2020-03-10"
"000d881d-f730-57dc-8f2d-5414b71963d1","2020-04-14"
"000d881d-f730-57dc-8f2d-5414b71963d1","2020-05-11"
"000d881d-f730-57dc-8f2d-5414b71963d1","2020-06-10"
"000d881d-f730-57dc-8f2d-5414b71963d1","2020-07-10"
"000d881d-f730-57dc-8f2d-5414b71963d1","2020-08-10"
"000dad29-01a8-51ba-a431-a00b6aab8f59","2019-12-16"
"000dad29-01a8-51ba-a431-a00b6aab8f59","2020-01-14"
"000dad29-01a8-51ba-a431-a00b6aab8f59","2020-02-14"
"000dad29-01a8-51ba-a431-a00b6aab8f59","2020-03-16"
"000dad29-01a8-51ba-a431-a00b6aab8f59","2020-04-16"
"000dad29-01a8-51ba-a431-a00b6aab8f59","2020-05-15"
"000dad29-01a8-51ba-a431-a00b6aab8f59","2020-06-15"
"000dad29-01a8-51ba-a431-a00b6aab8f59","2020-07-14"
"000dad29-01a8-51ba-a431-a00b6aab8f59","2020-08-14"
"000e00f9-d40c-5fc1-b0f5-d94ce493ed18","2019-10-01"
"000e00f9-d40c-5fc1-b0f5-d94ce493ed18","2019-11-01"
"000e00f9-d40c-5fc1-b0f5-d94ce493ed18","2019-12-02"
"000e00f9-d40c-5fc1-b0f5-d94ce493ed18","2020-01-02"
"000e00f9-d40c-5fc1-b0f5-d94ce493ed18","2020-02-03"
"000e00f9-d40c-5fc1-b0f5-d94ce493ed18","2020-03-02"
"000e00f9-d40c-5fc1-b0f5-d94ce493ed18","2020-04-01"
"000e00f9-d40c-5fc1-b0f5-d94ce493ed18","2020-05-01"
"000e00f9-d40c-5fc1-b0f5-d94ce493ed18","2020-06-01"
"000e00f9-d40c-5fc1-b0f5-d94ce493ed18","2020-07-01"
"000e00f9-d40c-5fc1-b0f5-d94ce493ed18","2020-08-03"
"000e6ec5-23dc-50c6-9a8c-0baaffb8f7dd","2019-08-01"
"000e6ec5-23dc-50c6-9a8c-0baaffb8f7dd","2019-09-02"
"000e6ec5-23dc-50c6-9a8c-0baaffb8f7dd","2019-10-01"
"000e6ec5-23dc-50c6-9a8c-0baaffb8f7dd","2019-11-01"
"000e6ec5-23dc-50c6-9a8c-0baaffb8f7dd","2019-12-02"
"000e6ec5-23dc-50c6-9a8c-0baaffb8f7dd","2020-01-02"
"000e6ec5-23dc-50c6-9a8c-0baaffb8f7dd","2020-02-03"
"000e6ec5-23dc-50c6-9a8c-0baaffb8f7dd","2020-03-02"
"000e6ec5-23dc-50c6-9a8c-0baaffb8f7dd","2020-04-01"
"000e6ec5-23dc-50c6-9a8c-0baaffb8f7dd","2020-05-01"
"000e6ec5-23dc-50c6-9a8c-0baaffb8f7dd","2020-06-01"
"000e6ec5-23dc-50c6-9a8c-0baaffb8f7dd","2020-07-01"
"000e6ec5-23dc-50c6-9a8c-0baaffb8f7dd","2020-08-03"
"000ee920-83ac-5b42-ad17-f0c8a1d9d4da","2020-05-18"
"000ee920-83ac-5b42-ad17-f0c8a1d9d4da","2020-06-19"
"000ee920-83ac-5b42-ad17-f0c8a1d9d4da","2020-07-20"
"000ee920-83ac-5b42-ad17-f0c8a1d9d4da","2020-08-20"
"00102bb0-39c8-5c61-a76e-93b4c9514d6f","2019-12-02"
"00102bb0-39c8-5c61-a76e-93b4c9514d6f","2020-01-02"
"00102bb0-39c8-5c61-a76e-93b4c9514d6f","2020-02-03"
"00102bb0-39c8-5c61-a76e-93b4c9514d6f","2020-03-03"
"00102bb0-39c8-5c61-a76e-93b4c9514d6f","2020-04-01"
"00102bb0-39c8-5c61-a76e-93b4c9514d6f","2020-05-04"
"00102bb0-39c8-5c61-a76e-93b4c9514d6f","2020-06-01"
"00102bb0-39c8-5c61-a76e-93b4c9514d6f","2020-07-02"
"00102bb0-39c8-5c61-a76e-93b4c9514d6f","2020-08-03"
"00105225-1646-530c-8e9f-27b2fbd3ea8b","2019-09-30"
"00105225-1646-530c-8e9f-27b2fbd3ea8b","2019-10-28"
"00105225-1646-530c-8e9f-27b2fbd3ea8b","2019-11-28"
"00105225-1646-530c-8e9f-27b2fbd3ea8b","2019-12-30"
"00105225-1646-530c-8e9f-27b2fbd3ea8b","2020-01-28"
"00105225-1646-530c-8e9f-27b2fbd3ea8b","2020-02-28"
"00105225-1646-530c-8e9f-27b2fbd3ea8b","2020-03-30"
"00105225-1646-530c-8e9f-27b2fbd3ea8b","2020-04-28"
"00105225-1646-530c-8e9f-27b2fbd3ea8b","2020-05-28"
"00105225-1646-530c-8e9f-27b2fbd3ea8b","2020-06-29"
"00105225-1646-530c-8e9f-27b2fbd3ea8b","2020-07-28"
"00105225-1646-530c-8e9f-27b2fbd3ea8b","2020-08-28"
"001095da-27c0-50c0-8668-13203598b7d3","2020-01-31"
"001095da-27c0-50c0-8668-13203598b7d3","2020-02-28"
"001095da-27c0-50c0-8668-13203598b7d3","2020-03-31"
"001095da-27c0-50c0-8668-13203598b7d3","2020-04-30"
"001095da-27c0-50c0-8668-13203598b7d3","2020-05-29"
"001095da-27c0-50c0-8668-13203598b7d3","2020-06-30"
"001095da-27c0-50c0-8668-13203598b7d3","2020-07-31"
"001095da-27c0-50c0-8668-13203598b7d3","2020-08-31"
"0011d3aa-d647-5223-83c5-825062d3ec93","2020-03-02"
"0011d3aa-d647-5223-83c5-825062d3ec93","2020-04-02"
"0011d3aa-d647-5223-83c5-825062d3ec93","2020-05-02"
"0011d3aa-d647-5223-83c5-825062d3ec93","2020-06-03"
"0011d3aa-d647-5223-83c5-825062d3ec93","2020-07-03"
"0011d3aa-d647-5223-83c5-825062d3ec93","2020-08-02"
"0011d3c0-a1f7-521b-845d-2904571c8e33","2019-06-03"
"0011d3c0-a1f7-521b-845d-2904571c8e33","2019-07-01"
"0011d3c0-a1f7-521b-845d-2904571c8e33","2019-08-01"
"0011d3c0-a1f7-521b-845d-2904571c8e33","2019-09-02"
"0011d3c0-a1f7-521b-845d-2904571c8e33","2019-10-01"
"0011d3c0-a1f7-521b-845d-2904571c8e33","2019-11-01"
"0011d3c0-a1f7-521b-845d-2904571c8e33","2019-12-02"
"0011d3c0-a1f7-521b-845d-2904571c8e33","2020-01-02"
"0011d3c0-a1f7-521b-845d-2904571c8e33","2020-02-03"
"0011d3c0-a1f7-521b-845d-2904571c8e33","2020-03-02"
"0011d3c0-a1f7-521b-845d-2904571c8e33","2020-04-01"
"0011d3c0-a1f7-521b-845d-2904571c8e33","2020-05-01"
"0011d3c0-a1f7-521b-845d-2904571c8e33","2020-06-01"
"0011d3c0-a1f7-521b-845d-2904571c8e33","2020-07-01"
"0011d3c0-a1f7-521b-845d-2904571c8e33","2020-08-03"
"0011ec9a-569e-54d4-9d89-e26fba9e116e","2020-03-02"
"0011ec9a-569e-54d4-9d89-e26fba9e116e","2020-04-01"
"0011ec9a-569e-54d4-9d89-e26fba9e116e","2020-05-01"
"0011ec9a-569e-54d4-9d89-e26fba9e116e","2020-06-01"
"0011ec9a-569e-54d4-9d89-e26fba9e116e","2020-07-01"
"0011ec9a-569e-54d4-9d89-e26fba9e116e","2020-08-03"
"0013f170-bd9e-535a-84a8-86ea6feee3fa","2019-12-20"
"0013f170-bd9e-535a-84a8-86ea6feee3fa","2020-01-20"
"0013f170-bd9e-535a-84a8-86ea6feee3fa","2020-02-20"
"0013f170-bd9e-535a-84a8-86ea6feee3fa","2020-03-20"
"0013f170-bd9e-535a-84a8-86ea6feee3fa","2020-04-20"
"0013f170-bd9e-535a-84a8-86ea6feee3fa","2020-05-20"
"0013f170-bd9e-535a-84a8-86ea6feee3fa","2020-06-22"
"0013f170-bd9e-535a-84a8-86ea6feee3fa","2020-07-20"
"0013f170-bd9e-535a-84a8-86ea6feee3fa","2020-08-20"
"0014bef7-4645-5db8-88a9-7f7da7d74e2f","2019-10-28"
"0014bef7-4645-5db8-88a9-7f7da7d74e2f","2019-11-28"
"0014bef7-4645-5db8-88a9-7f7da7d74e2f","2019-12-30"
"0014bef7-4645-5db8-88a9-7f7da7d74e2f","2020-01-30"
"0014bef7-4645-5db8-88a9-7f7da7d74e2f","2020-02-28"
"0014bef7-4645-5db8-88a9-7f7da7d74e2f","2020-03-30"
"0014bef7-4645-5db8-88a9-7f7da7d74e2f","2020-04-30"
"0014bef7-4645-5db8-88a9-7f7da7d74e2f","2020-05-30"
"0014bef7-4645-5db8-88a9-7f7da7d74e2f","2020-06-29"
"0014bef7-4645-5db8-88a9-7f7da7d74e2f","2020-07-30"
"0014bef7-4645-5db8-88a9-7f7da7d74e2f","2020-08-28"
"001517fe-82d1-5269-ad31-6b7b78491523","2020-06-02"
"001517fe-82d1-5269-ad31-6b7b78491523","2020-07-03"
"001517fe-82d1-5269-ad31-6b7b78491523","2020-07-31"
"00167462-9a8c-554e-8f2d-3c05dd688d6b","2020-03-30"
"00167462-9a8c-554e-8f2d-3c05dd688d6b","2020-04-28"
"00167462-9a8c-554e-8f2d-3c05dd688d6b","2020-05-28"
"00167462-9a8c-554e-8f2d-3c05dd688d6b","2020-06-29"
"00167462-9a8c-554e-8f2d-3c05dd688d6b","2020-07-28"
"00167462-9a8c-554e-8f2d-3c05dd688d6b","2020-08-28"
"0016bcac-b11b-513e-8e0d-1bbd5a5cf1bc","2020-06-24"
"0016bcac-b11b-513e-8e0d-1bbd5a5cf1bc","2020-07-23"
"0016bcac-b11b-513e-8e0d-1bbd5a5cf1bc","2020-08-20"
"0016d4bb-c333-513a-aac4-e4f31d67e295","2020-05-03"
"0016d4bb-c333-513a-aac4-e4f31d67e295","2020-06-02"
"0016d4bb-c333-513a-aac4-e4f31d67e295","2020-07-05"
"0016d4bb-c333-513a-aac4-e4f31d67e295","2020-08-02"
"00179d06-5144-50fd-8b44-80b02feba7b3","2019-08-05"
"00179d06-5144-50fd-8b44-80b02feba7b3","2019-09-05"
"00179d06-5144-50fd-8b44-80b02feba7b3","2019-10-07"
"00179d06-5144-50fd-8b44-80b02feba7b3","2019-11-05"
"00179d06-5144-50fd-8b44-80b02feba7b3","2019-12-05"
"00179d06-5144-50fd-8b44-80b02feba7b3","2020-01-06"
"00179d06-5144-50fd-8b44-80b02feba7b3","2020-02-05"
"00179d06-5144-50fd-8b44-80b02feba7b3","2020-03-05"
"00179d06-5144-50fd-8b44-80b02feba7b3","2020-04-06"
"00179d06-5144-50fd-8b44-80b02feba7b3","2020-05-06"
"00179d06-5144-50fd-8b44-80b02feba7b3","2020-06-09"
"00179d06-5144-50fd-8b44-80b02feba7b3","2020-07-06"
"00179d06-5144-50fd-8b44-80b02feba7b3","2020-08-05"
"00183bd2-40a5-5126-91ec-9503722cdb66","2020-04-29"
"00183bd2-40a5-5126-91ec-9503722cdb66","2020-06-02"
"00183bd2-40a5-5126-91ec-9503722cdb66","2020-07-01"
"00183bd2-40a5-5126-91ec-9503722cdb66","2020-07-31"
"00185c0e-5665-5e1f-8f44-7866556dafd8","2019-08-14"
"00185c0e-5665-5e1f-8f44-7866556dafd8","2019-09-13"
"00185c0e-5665-5e1f-8f44-7866556dafd8","2019-10-12"
"00185c0e-5665-5e1f-8f44-7866556dafd8","2019-11-13"
"00185c0e-5665-5e1f-8f44-7866556dafd8","2019-12-13"
"00185c0e-5665-5e1f-8f44-7866556dafd8","2020-01-14"
"00185c0e-5665-5e1f-8f44-7866556dafd8","2020-02-13"
"00185c0e-5665-5e1f-8f44-7866556dafd8","2020-03-13"
"00185c0e-5665-5e1f-8f44-7866556dafd8","2020-04-13"
"00185c0e-5665-5e1f-8f44-7866556dafd8","2020-05-13"
"00185c0e-5665-5e1f-8f44-7866556dafd8","2020-06-12"
"00185c0e-5665-5e1f-8f44-7866556dafd8","2020-07-13"
"00185c0e-5665-5e1f-8f44-7866556dafd8","2020-08-12"
"00186a35-0ddc-50b9-ac4d-39e4b24b4e4e","2019-05-21"
"00186a35-0ddc-50b9-ac4d-39e4b24b4e4e","2019-06-23"
"00186a35-0ddc-50b9-ac4d-39e4b24b4e4e","2019-07-23"
"00186a35-0ddc-50b9-ac4d-39e4b24b4e4e","2019-08-21"
"00186a35-0ddc-50b9-ac4d-39e4b24b4e4e","2019-09-23"
"00186a35-0ddc-50b9-ac4d-39e4b24b4e4e","2019-10-22"
"00186a35-0ddc-50b9-ac4d-39e4b24b4e4e","2019-11-22"
"00186a35-0ddc-50b9-ac4d-39e4b24b4e4e","2019-12-24"
"00186a35-0ddc-50b9-ac4d-39e4b24b4e4e","2020-01-22"
"00186a35-0ddc-50b9-ac4d-39e4b24b4e4e","2020-02-24"
"00186a35-0ddc-50b9-ac4d-39e4b24b4e4e","2020-03-24"
"00186a35-0ddc-50b9-ac4d-39e4b24b4e4e","2020-04-21"
"00186a35-0ddc-50b9-ac4d-39e4b24b4e4e","2020-05-21"
"00186a35-0ddc-50b9-ac4d-39e4b24b4e4e","2020-06-23"
"00186a35-0ddc-50b9-ac4d-39e4b24b4e4e","2020-07-21"
"00186a35-0ddc-50b9-ac4d-39e4b24b4e4e","2020-08-23"
"001af18b-aac9-53ce-8569-fbae4c3cc3c8","2020-06-01"
"001af18b-aac9-53ce-8569-fbae4c3cc3c8","2020-07-01"
"001af18b-aac9-53ce-8569-fbae4c3cc3c8","2020-08-03"
"001cfede-0457-5814-81e1-0565198c41e6","2019-09-19"
"001cfede-0457-5814-81e1-0565198c41e6","2019-10-21"
"001cfede-0457-5814-81e1-0565198c41e6","2019-11-20"
"001cfede-0457-5814-81e1-0565198c41e6","2019-12-20"
"001cfede-0457-5814-81e1-0565198c41e6","2020-01-22"
"001cfede-0457-5814-81e1-0565198c41e6","2020-02-20"
"001cfede-0457-5814-81e1-0565198c41e6","2020-03-23"
"001cfede-0457-5814-81e1-0565198c41e6","2020-04-21"
"001cfede-0457-5814-81e1-0565198c41e6","2020-05-19"
"001cfede-0457-5814-81e1-0565198c41e6","2020-06-21"
"001cfede-0457-5814-81e1-0565198c41e6","2020-07-21"
"001cfede-0457-5814-81e1-0565198c41e6","2020-08-19"
"001ede00-e456-5b55-a722-62eda3b8a147","2020-06-16"
"001ede00-e456-5b55-a722-62eda3b8a147","2020-07-15"
"001ede00-e456-5b55-a722-62eda3b8a147","2020-08-12"
"001faf6f-19d9-509e-8677-1b1535fff279","2019-12-05"
"001faf6f-19d9-509e-8677-1b1535fff279","2020-01-07"
"001faf6f-19d9-509e-8677-1b1535fff279","2020-02-05"
"001faf6f-19d9-509e-8677-1b1535fff279","2020-03-05"
"001faf6f-19d9-509e-8677-1b1535fff279","2020-04-07"
"001faf6f-19d9-509e-8677-1b1535fff279","2020-05-06"
"001faf6f-19d9-509e-8677-1b1535fff279","2020-06-05"
"001faf6f-19d9-509e-8677-1b1535fff279","2020-07-07"
"001faf6f-19d9-509e-8677-1b1535fff279","2020-08-05"
"0021d16f-93e7-597f-91e0-12d2dbd03a11","2019-10-24"
"0021d16f-93e7-597f-91e0-12d2dbd03a11","2019-11-25"
"0021d16f-93e7-597f-91e0-12d2dbd03a11","2019-12-24"
"0021d16f-93e7-597f-91e0-12d2dbd03a11","2020-01-24"
"0021d16f-93e7-597f-91e0-12d2dbd03a11","2020-02-24"
"0021d16f-93e7-597f-91e0-12d2dbd03a11","2020-03-24"
"0021d16f-93e7-597f-91e0-12d2dbd03a11","2020-04-24"
"0021d16f-93e7-597f-91e0-12d2dbd03a11","2020-05-26"
"0021d16f-93e7-597f-91e0-12d2dbd03a11","2020-06-24"
"0021d16f-93e7-597f-91e0-12d2dbd03a11","2020-07-24"
"0021d16f-93e7-597f-91e0-12d2dbd03a11","2020-08-24"
"0022061e-ed45-5da4-8553-8b3c0386e904","2020-02-03"
"0022061e-ed45-5da4-8553-8b3c0386e904","2020-03-03"
"0022061e-ed45-5da4-8553-8b3c0386e904","2020-03-30"
"0022061e-ed45-5da4-8553-8b3c0386e904","2020-05-03"
"0022061e-ed45-5da4-8553-8b3c0386e904","2020-05-31"
"0022061e-ed45-5da4-8553-8b3c0386e904","2020-06-29"
"0022061e-ed45-5da4-8553-8b3c0386e904","2020-08-02"
"0022061e-ed45-5da4-8553-8b3c0386e904","2020-08-31"
"002395e3-2663-55b3-a7c7-e6720800c999","2019-11-01"
"002395e3-2663-55b3-a7c7-e6720800c999","2019-12-02"
"002395e3-2663-55b3-a7c7-e6720800c999","2020-01-02"
"002395e3-2663-55b3-a7c7-e6720800c999","2020-02-03"
"002395e3-2663-55b3-a7c7-e6720800c999","2020-03-02"
"002395e3-2663-55b3-a7c7-e6720800c999","2020-04-01"
"002395e3-2663-55b3-a7c7-e6720800c999","2020-05-01"
"002395e3-2663-55b3-a7c7-e6720800c999","2020-06-01"
"002395e3-2663-55b3-a7c7-e6720800c999","2020-07-01"
"002395e3-2663-55b3-a7c7-e6720800c999","2020-08-03"
"00267bae-619f-5911-b8bf-7521d06a7f69","2019-11-29"
"00267bae-619f-5911-b8bf-7521d06a7f69","2019-12-31"
"00267bae-619f-5911-b8bf-7521d06a7f69","2020-01-31"
"00267bae-619f-5911-b8bf-7521d06a7f69","2020-02-28"
"00267bae-619f-5911-b8bf-7521d06a7f69","2020-03-31"
"00267bae-619f-5911-b8bf-7521d06a7f69","2020-04-30"
"00267bae-619f-5911-b8bf-7521d06a7f69","2020-05-29"
"00267bae-619f-5911-b8bf-7521d06a7f69","2020-06-30"
"00267bae-619f-5911-b8bf-7521d06a7f69","2020-07-31"
"00267bae-619f-5911-b8bf-7521d06a7f69","2020-08-28"
"002778b4-56a9-5070-abd7-8bdc91c17041","2020-05-26"
"002778b4-56a9-5070-abd7-8bdc91c17041","2020-06-26"
"002778b4-56a9-5070-abd7-8bdc91c17041","2020-07-27"
"002778b4-56a9-5070-abd7-8bdc91c17041","2020-08-26"
"0027ef62-0702-5fc9-9cbb-4523248234f1","2020-03-10"
"0027ef62-0702-5fc9-9cbb-4523248234f1","2020-04-07"
"0027ef62-0702-5fc9-9cbb-4523248234f1","2020-05-07"
"0027ef62-0702-5fc9-9cbb-4523248234f1","2020-06-08"
"0027ef62-0702-5fc9-9cbb-4523248234f1","2020-07-07"
"0027ef62-0702-5fc9-9cbb-4523248234f1","2020-08-07"
"0028e27f-8770-5b68-bc8f-a725c5b9cab5","2020-01-02"
"0028e27f-8770-5b68-bc8f-a725c5b9cab5","2020-02-03"
"0028e27f-8770-5b68-bc8f-a725c5b9cab5","2020-03-02"
"0028e27f-8770-5b68-bc8f-a725c5b9cab5","2020-04-02"
"0028e27f-8770-5b68-bc8f-a725c5b9cab5","2020-05-04"
"0028e27f-8770-5b68-bc8f-a725c5b9cab5","2020-06-02"
"0028e27f-8770-5b68-bc8f-a725c5b9cab5","2020-07-02"
"0028e27f-8770-5b68-bc8f-a725c5b9cab5","2020-08-03"
"002acac3-2ce7-5538-8b21-fc873105ad1d","2019-03-18"
"002acac3-2ce7-5538-8b21-fc873105ad1d","2019-04-16"
"002acac3-2ce7-5538-8b21-fc873105ad1d","2019-05-16"
"002acac3-2ce7-5538-8b21-fc873105ad1d","2019-06-17"
"002acac3-2ce7-5538-8b21-fc873105ad1d","2019-07-16"
"002acac3-2ce7-5538-8b21-fc873105ad1d","2019-08-16"
"002acac3-2ce7-5538-8b21-fc873105ad1d","2019-09-16"
"002acac3-2ce7-5538-8b21-fc873105ad1d","2019-10-16"
"002acac3-2ce7-5538-8b21-fc873105ad1d","2019-11-18"
"002acac3-2ce7-5538-8b21-fc873105ad1d","2019-12-16"
"002acac3-2ce7-5538-8b21-fc873105ad1d","2020-01-16"
"002acac3-2ce7-5538-8b21-fc873105ad1d","2020-02-17"
"002acac3-2ce7-5538-8b21-fc873105ad1d","2020-03-18"
"002acac3-2ce7-5538-8b21-fc873105ad1d","2020-04-16"
"002acac3-2ce7-5538-8b21-fc873105ad1d","2020-05-18"
"002acac3-2ce7-5538-8b21-fc873105ad1d","2020-06-16"
"002acac3-2ce7-5538-8b21-fc873105ad1d","2020-07-16"
"002acac3-2ce7-5538-8b21-fc873105ad1d","2020-08-17"
"002bec5c-3125-5e77-a8e6-c4e9fab852b2","2019-09-09"
"002bec5c-3125-5e77-a8e6-c4e9fab852b2","2019-10-08"
"002bec5c-3125-5e77-a8e6-c4e9fab852b2","2019-11-08"
"002bec5c-3125-5e77-a8e6-c4e9fab852b2","2019-12-09"
"002bec5c-3125-5e77-a8e6-c4e9fab852b2","2020-01-08"
"002bec5c-3125-5e77-a8e6-c4e9fab852b2","2020-02-10"
"002bec5c-3125-5e77-a8e6-c4e9fab852b2","2020-03-09"
"002bec5c-3125-5e77-a8e6-c4e9fab852b2","2020-04-08"
"002bec5c-3125-5e77-a8e6-c4e9fab852b2","2020-05-11"
"002bec5c-3125-5e77-a8e6-c4e9fab852b2","2020-06-08"
"002bec5c-3125-5e77-a8e6-c4e9fab852b2","2020-07-08"
"002bec5c-3125-5e77-a8e6-c4e9fab852b2","2020-08-10"
"002c10f4-ab63-57fc-9d70-ddb884308781","2019-11-23"
"002c10f4-ab63-57fc-9d70-ddb884308781","2019-12-23"
"002c10f4-ab63-57fc-9d70-ddb884308781","2020-01-23"
"002c10f4-ab63-57fc-9d70-ddb884308781","2020-02-24"
"002c10f4-ab63-57fc-9d70-ddb884308781","2020-03-23"
"002c10f4-ab63-57fc-9d70-ddb884308781","2020-04-23"
"002c10f4-ab63-57fc-9d70-ddb884308781","2020-05-23"
"002c10f4-ab63-57fc-9d70-ddb884308781","2020-06-23"
"002c10f4-ab63-57fc-9d70-ddb884308781","2020-07-23"
"002c10f4-ab63-57fc-9d70-ddb884308781","2020-08-24"
"002c3231-0424-58ba-a5fd-dbc554382c9d","2019-09-30"
"002c3231-0424-58ba-a5fd-dbc554382c9d","2019-10-31"
"002c3231-0424-58ba-a5fd-dbc554382c9d","2019-12-02"
"002c3231-0424-58ba-a5fd-dbc554382c9d","2019-12-31"
"002c3231-0424-58ba-a5fd-dbc554382c9d","2020-01-31"
"002c3231-0424-58ba-a5fd-dbc554382c9d","2020-03-02"
"002c3231-0424-58ba-a5fd-dbc554382c9d","2020-03-31"
"002c3231-0424-58ba-a5fd-dbc554382c9d","2020-04-30"
"002c3231-0424-58ba-a5fd-dbc554382c9d","2020-06-01"
"002c3231-0424-58ba-a5fd-dbc554382c9d","2020-06-30"
"002c3231-0424-58ba-a5fd-dbc554382c9d","2020-07-31"
"002c73be-c419-5118-a3ab-dedce220e626","2020-06-16"
"002c73be-c419-5118-a3ab-dedce220e626","2020-07-15"
"002c73be-c419-5118-a3ab-dedce220e626","2020-08-17"
"002ccb58-0b39-5902-a809-71ee5661ca3f","2019-08-05"
"002ccb58-0b39-5902-a809-71ee5661ca3f","2019-09-03"
"002ccb58-0b39-5902-a809-71ee5661ca3f","2019-10-03"
"002ccb58-0b39-5902-a809-71ee5661ca3f","2019-11-04"
"002ccb58-0b39-5902-a809-71ee5661ca3f","2019-12-03"
"002ccb58-0b39-5902-a809-71ee5661ca3f","2020-01-03"
"002ccb58-0b39-5902-a809-71ee5661ca3f","2020-02-03"
"002ccb58-0b39-5902-a809-71ee5661ca3f","2020-03-03"
"002ccb58-0b39-5902-a809-71ee5661ca3f","2020-04-03"
"002ccb58-0b39-5902-a809-71ee5661ca3f","2020-05-04"
"002ccb58-0b39-5902-a809-71ee5661ca3f","2020-06-03"
"002ccb58-0b39-5902-a809-71ee5661ca3f","2020-07-03"
"002ccb58-0b39-5902-a809-71ee5661ca3f","2020-08-03"
"002d51b8-32dc-5462-b1e1-c527f02b82f2","2020-06-01"
"002d51b8-32dc-5462-b1e1-c527f02b82f2","2020-07-01"
"002d51b8-32dc-5462-b1e1-c527f02b82f2","2020-08-03"
"002d8a28-fc8f-5590-8022-b45fdd2578d5","2020-06-01"
"002d8a28-fc8f-5590-8022-b45fdd2578d5","2020-07-01"
"002d8a28-fc8f-5590-8022-b45fdd2578d5","2020-08-03"
"002e4571-801a-51ed-8cc0-aa5c6630e00e","2020-03-29"
"002e4571-801a-51ed-8cc0-aa5c6630e00e","2020-04-29"
"002e4571-801a-51ed-8cc0-aa5c6630e00e","2020-05-28"
"002e4571-801a-51ed-8cc0-aa5c6630e00e","2020-06-28"
"002e4571-801a-51ed-8cc0-aa5c6630e00e","2020-07-29"
"002e66ef-9f36-53e1-be9d-1fa4a6e6cb38","2019-10-01"
"002e66ef-9f36-53e1-be9d-1fa4a6e6cb38","2019-11-01"
"002e66ef-9f36-53e1-be9d-1fa4a6e6cb38","2019-12-02"
"002e66ef-9f36-53e1-be9d-1fa4a6e6cb38","2020-01-02"
"002e66ef-9f36-53e1-be9d-1fa4a6e6cb38","2020-02-03"
"002e66ef-9f36-53e1-be9d-1fa4a6e6cb38","2020-03-02"
"002e66ef-9f36-53e1-be9d-1fa4a6e6cb38","2020-04-01"
"002e66ef-9f36-53e1-be9d-1fa4a6e6cb38","2020-05-01"
"002e66ef-9f36-53e1-be9d-1fa4a6e6cb38","2020-06-01"
"002e66ef-9f36-53e1-be9d-1fa4a6e6cb38","2020-07-01"
"002e66ef-9f36-53e1-be9d-1fa4a6e6cb38","2020-08-03"
"002fd38b-bde8-5e39-a541-98f300645473","2020-06-23"
"002fd38b-bde8-5e39-a541-98f300645473","2020-07-23"
"002fd38b-bde8-5e39-a541-98f300645473","2020-08-24"
"00317380-b41b-5853-8960-4984fe57e8aa","2020-04-27"
"00317380-b41b-5853-8960-4984fe57e8aa","2020-05-26"
"00317380-b41b-5853-8960-4984fe57e8aa","2020-06-25"
"00317380-b41b-5853-8960-4984fe57e8aa","2020-07-27"
"00317380-b41b-5853-8960-4984fe57e8aa","2020-08-25"
"0032e20c-61c3-52c6-9e2d-dffad138aa58","2019-03-08"
"0032e20c-61c3-52c6-9e2d-dffad138aa58","2019-04-07"
"0032e20c-61c3-52c6-9e2d-dffad138aa58","2019-05-07"
"0032e20c-61c3-52c6-9e2d-dffad138aa58","2019-06-09"
"0032e20c-61c3-52c6-9e2d-dffad138aa58","2019-07-07"
"0032e20c-61c3-52c6-9e2d-dffad138aa58","2019-08-07"
"0032e20c-61c3-52c6-9e2d-dffad138aa58","2019-09-08"
"0032e20c-61c3-52c6-9e2d-dffad138aa58","2019-10-07"
"0032e20c-61c3-52c6-9e2d-dffad138aa58","2019-11-08"
"0032e20c-61c3-52c6-9e2d-dffad138aa58","2019-12-09"
"0032e20c-61c3-52c6-9e2d-dffad138aa58","2020-01-08"
"0032e20c-61c3-52c6-9e2d-dffad138aa58","2020-02-10"
"0032e20c-61c3-52c6-9e2d-dffad138aa58","2020-03-09"
"0032e20c-61c3-52c6-9e2d-dffad138aa58","2020-04-08"
"0032e20c-61c3-52c6-9e2d-dffad138aa58","2020-05-15"
"0032e20c-61c3-52c6-9e2d-dffad138aa58","2020-06-08"
"0032e20c-61c3-52c6-9e2d-dffad138aa58","2020-07-08"
"0032e20c-61c3-52c6-9e2d-dffad138aa58","2020-08-10"
"003382ad-e9ee-5c9d-9778-f7db4643120c","2019-03-29"
"003382ad-e9ee-5c9d-9778-f7db4643120c","2019-04-29"
"003382ad-e9ee-5c9d-9778-f7db4643120c","2019-05-29"
"003382ad-e9ee-5c9d-9778-f7db4643120c","2019-07-01"
"003382ad-e9ee-5c9d-9778-f7db4643120c","2019-07-29"
"003382ad-e9ee-5c9d-9778-f7db4643120c","2019-08-30"
"003382ad-e9ee-5c9d-9778-f7db4643120c","2019-09-30"
"003382ad-e9ee-5c9d-9778-f7db4643120c","2019-10-29"
"003382ad-e9ee-5c9d-9778-f7db4643120c","2019-11-29"
"003382ad-e9ee-5c9d-9778-f7db4643120c","2019-12-30"
"003382ad-e9ee-5c9d-9778-f7db4643120c","2020-01-29"
"003382ad-e9ee-5c9d-9778-f7db4643120c","2020-03-02"
"003382ad-e9ee-5c9d-9778-f7db4643120c","2020-03-30"
"003382ad-e9ee-5c9d-9778-f7db4643120c","2020-04-29"
"003382ad-e9ee-5c9d-9778-f7db4643120c","2020-05-29"
"003382ad-e9ee-5c9d-9778-f7db4643120c","2020-06-29"
"003382ad-e9ee-5c9d-9778-f7db4643120c","2020-07-29"
"00349b97-43db-59e3-a24f-da61b9080ee6","2020-02-02"
"00349b97-43db-59e3-a24f-da61b9080ee6","2020-03-02"
"00349b97-43db-59e3-a24f-da61b9080ee6","2020-04-01"
"00349b97-43db-59e3-a24f-da61b9080ee6","2020-05-01"
"00349b97-43db-59e3-a24f-da61b9080ee6","2020-06-01"
"00349b97-43db-59e3-a24f-da61b9080ee6","2020-07-01"
"00349b97-43db-59e3-a24f-da61b9080ee6","2020-08-02"
"0034ec9b-6cf8-528c-80f6-59284d9c5337","2019-07-04"
"0034ec9b-6cf8-528c-80f6-59284d9c5337","2019-08-01"
"0034ec9b-6cf8-528c-80f6-59284d9c5337","2019-09-02"
"0034ec9b-6cf8-528c-80f6-59284d9c5337","2019-10-03"
"0034ec9b-6cf8-528c-80f6-59284d9c5337","2019-11-01"
"0034ec9b-6cf8-528c-80f6-59284d9c5337","2019-12-02"
"0034ec9b-6cf8-528c-80f6-59284d9c5337","2020-01-02"
"0034ec9b-6cf8-528c-80f6-59284d9c5337","2020-01-31"
"0034ec9b-6cf8-528c-80f6-59284d9c5337","2020-02-28"
"0034ec9b-6cf8-528c-80f6-59284d9c5337","2020-03-27"
"0034ec9b-6cf8-528c-80f6-59284d9c5337","2020-04-27"
"0034ec9b-6cf8-528c-80f6-59284d9c5337","2020-05-28"
"0034ec9b-6cf8-528c-80f6-59284d9c5337","2020-06-26"
"0034ec9b-6cf8-528c-80f6-59284d9c5337","2020-07-27"
"0034ec9b-6cf8-528c-80f6-59284d9c5337","2020-08-28"
"00373258-bfee-543f-ad89-acecd923106b","2019-10-02"
"00373258-bfee-543f-ad89-acecd923106b","2019-11-04"
"00373258-bfee-543f-ad89-acecd923106b","2019-12-03"
"00373258-bfee-543f-ad89-acecd923106b","2020-01-03"
"00373258-bfee-543f-ad89-acecd923106b","2020-02-03"
"00373258-bfee-543f-ad89-acecd923106b","2020-03-04"
"00373258-bfee-543f-ad89-acecd923106b","2020-04-01"
"00373258-bfee-543f-ad89-acecd923106b","2020-05-03"
"00373258-bfee-543f-ad89-acecd923106b","2020-06-01"
"00373258-bfee-543f-ad89-acecd923106b","2020-07-02"
"00373258-bfee-543f-ad89-acecd923106b","2020-08-02"
"00378c28-f859-5fa6-9bc7-d93ed3d62930","2019-03-18"
"00378c28-f859-5fa6-9bc7-d93ed3d62930","2019-04-16"
"00378c28-f859-5fa6-9bc7-d93ed3d62930","2019-05-16"
"00378c28-f859-5fa6-9bc7-d93ed3d62930","2019-06-17"
"00378c28-f859-5fa6-9bc7-d93ed3d62930","2019-07-16"
"00378c28-f859-5fa6-9bc7-d93ed3d62930","2019-08-16"
"00378c28-f859-5fa6-9bc7-d93ed3d62930","2019-09-16"
"00378c28-f859-5fa6-9bc7-d93ed3d62930","2019-10-16"
"00378c28-f859-5fa6-9bc7-d93ed3d62930","2019-11-18"
"00378c28-f859-5fa6-9bc7-d93ed3d62930","2019-12-16"
"00378c28-f859-5fa6-9bc7-d93ed3d62930","2020-01-16"
"00378c28-f859-5fa6-9bc7-d93ed3d62930","2020-02-17"
"00378c28-f859-5fa6-9bc7-d93ed3d62930","2020-03-16"
"00378c28-f859-5fa6-9bc7-d93ed3d62930","2020-04-16"
"00378c28-f859-5fa6-9bc7-d93ed3d62930","2020-05-18"
"00378c28-f859-5fa6-9bc7-d93ed3d62930","2020-06-16"
"00378c28-f859-5fa6-9bc7-d93ed3d62930","2020-07-16"
"00378c28-f859-5fa6-9bc7-d93ed3d62930","2020-08-15"
"0037b6f8-69db-5481-bf60-ff628d2a431b","2019-03-25"
"0037b6f8-69db-5481-bf60-ff628d2a431b","2019-04-18"
"0037b6f8-69db-5481-bf60-ff628d2a431b","2019-05-21"
"0037b6f8-69db-5481-bf60-ff628d2a431b","2019-06-21"
"0037b6f8-69db-5481-bf60-ff628d2a431b","2019-07-23"
"0037b6f8-69db-5481-bf60-ff628d2a431b","2019-08-20"
"0037b6f8-69db-5481-bf60-ff628d2a431b","2019-09-20"
"0037b6f8-69db-5481-bf60-ff628d2a431b","2019-10-22"
"0037b6f8-69db-5481-bf60-ff628d2a431b","2019-11-22"
"0037b6f8-69db-5481-bf60-ff628d2a431b","2019-12-23"
"0037b6f8-69db-5481-bf60-ff628d2a431b","2020-01-23"
"0037b6f8-69db-5481-bf60-ff628d2a431b","2020-02-21"
"0037b6f8-69db-5481-bf60-ff628d2a431b","2020-03-24"
"0037b6f8-69db-5481-bf60-ff628d2a431b","2020-04-21"
"0037b6f8-69db-5481-bf60-ff628d2a431b","2020-05-22"
"0037b6f8-69db-5481-bf60-ff628d2a431b","2020-06-22"
"0037b6f8-69db-5481-bf60-ff628d2a431b","2020-07-21"
"0037b6f8-69db-5481-bf60-ff628d2a431b","2020-08-21"
"003997eb-2323-5c93-ae98-26aec1f245f7","2020-06-11"
"003997eb-2323-5c93-ae98-26aec1f245f7","2020-07-12"
"003997eb-2323-5c93-ae98-26aec1f245f7","2020-08-10"
"0039a253-697f-5af9-9686-501a3399012a","2019-09-19"
"0039a253-697f-5af9-9686-501a3399012a","2019-10-18"
"0039a253-697f-5af9-9686-501a3399012a","2019-11-18"
"0039a253-697f-5af9-9686-501a3399012a","2019-12-18"
"0039a253-697f-5af9-9686-501a3399012a","2020-01-20"
"0039a253-697f-5af9-9686-501a3399012a","2020-02-18"
"0039a253-697f-5af9-9686-501a3399012a","2020-03-18"
"0039a253-697f-5af9-9686-501a3399012a","2020-04-20"
"0039a253-697f-5af9-9686-501a3399012a","2020-05-18"
"0039a253-697f-5af9-9686-501a3399012a","2020-06-18"
"0039a253-697f-5af9-9686-501a3399012a","2020-07-20"
"0039a253-697f-5af9-9686-501a3399012a","2020-08-18"
"0039e1c8-9140-5b7c-8fba-f057fcd79ed1","2020-04-09"
"0039e1c8-9140-5b7c-8fba-f057fcd79ed1","2020-05-12"
"0039e1c8-9140-5b7c-8fba-f057fcd79ed1","2020-06-09"
"0039e1c8-9140-5b7c-8fba-f057fcd79ed1","2020-07-09"
"0039e1c8-9140-5b7c-8fba-f057fcd79ed1","2020-08-11"
"0039f0b6-6333-575f-a329-2d22457170be","2019-11-18"
"0039f0b6-6333-575f-a329-2d22457170be","2019-12-18"
"0039f0b6-6333-575f-a329-2d22457170be","2020-01-20"
"0039f0b6-6333-575f-a329-2d22457170be","2020-02-18"
"0039f0b6-6333-575f-a329-2d22457170be","2020-03-18"
"0039f0b6-6333-575f-a329-2d22457170be","2020-04-20"
"003ac9d8-3f4f-5f51-ac44-831564ede5db","2019-09-02"
"003ac9d8-3f4f-5f51-ac44-831564ede5db","2019-10-01"
"003ac9d8-3f4f-5f51-ac44-831564ede5db","2019-11-01"
"003ac9d8-3f4f-5f51-ac44-831564ede5db","2019-12-02"
"003ac9d8-3f4f-5f51-ac44-831564ede5db","2020-01-02"
"003ac9d8-3f4f-5f51-ac44-831564ede5db","2020-02-02"
"003ac9d8-3f4f-5f51-ac44-831564ede5db","2020-03-02"
"003ac9d8-3f4f-5f51-ac44-831564ede5db","2020-04-01"
"003ac9d8-3f4f-5f51-ac44-831564ede5db","2020-05-01"
"003ac9d8-3f4f-5f51-ac44-831564ede5db","2020-06-01"
"003ac9d8-3f4f-5f51-ac44-831564ede5db","2020-07-01"
"003ac9d8-3f4f-5f51-ac44-831564ede5db","2020-08-03"
"003b7be5-56e3-5160-9b5f-8961a9642343","2020-06-01"
"003b7be5-56e3-5160-9b5f-8961a9642343","2020-06-30"
"003b7be5-56e3-5160-9b5f-8961a9642343","2020-07-31"
"003bdd7f-59fa-59af-bd14-a12d5b7fb880","2019-06-25"
"003bdd7f-59fa-59af-bd14-a12d5b7fb880","2019-07-25"
"003bdd7f-59fa-59af-bd14-a12d5b7fb880","2019-08-27"
"003bdd7f-59fa-59af-bd14-a12d5b7fb880","2019-09-25"
"003bdd7f-59fa-59af-bd14-a12d5b7fb880","2019-10-25"
"003bdd7f-59fa-59af-bd14-a12d5b7fb880","2019-11-25"
"003bdd7f-59fa-59af-bd14-a12d5b7fb880","2019-12-27"
"003bdd7f-59fa-59af-bd14-a12d5b7fb880","2020-01-27"
"003bdd7f-59fa-59af-bd14-a12d5b7fb880","2020-02-25"
"003bdd7f-59fa-59af-bd14-a12d5b7fb880","2020-03-25"
"003bdd7f-59fa-59af-bd14-a12d5b7fb880","2020-04-27"
"003bdd7f-59fa-59af-bd14-a12d5b7fb880","2020-05-26"
"003bdd7f-59fa-59af-bd14-a12d5b7fb880","2020-06-25"
"003bdd7f-59fa-59af-bd14-a12d5b7fb880","2020-07-27"
"003bdd7f-59fa-59af-bd14-a12d5b7fb880","2020-08-25"
"003cf141-6866-5af7-a3d6-1c67aa0e6e3a","2019-08-05"
"003cf141-6866-5af7-a3d6-1c67aa0e6e3a","2019-09-03"
"003cf141-6866-5af7-a3d6-1c67aa0e6e3a","2019-10-03"
"003cf141-6866-5af7-a3d6-1c67aa0e6e3a","2019-11-04"
"003cf141-6866-5af7-a3d6-1c67aa0e6e3a","2019-12-03"
"003cf141-6866-5af7-a3d6-1c67aa0e6e3a","2020-01-03"
"003cf141-6866-5af7-a3d6-1c67aa0e6e3a","2020-02-03"
"003cf141-6866-5af7-a3d6-1c67aa0e6e3a","2020-03-03"
"003cf141-6866-5af7-a3d6-1c67aa0e6e3a","2020-04-03"
"003cf141-6866-5af7-a3d6-1c67aa0e6e3a","2020-05-04"
"003cf141-6866-5af7-a3d6-1c67aa0e6e3a","2020-06-03"
"003cf141-6866-5af7-a3d6-1c67aa0e6e3a","2020-07-03"
"003cf141-6866-5af7-a3d6-1c67aa0e6e3a","2020-08-03"
"003d3ef1-aecb-5af3-839a-52e236a76266","2019-08-27"
"003d3ef1-aecb-5af3-839a-52e236a76266","2019-09-25"
"003d3ef1-aecb-5af3-839a-52e236a76266","2019-10-25"
"003d3ef1-aecb-5af3-839a-52e236a76266","2019-11-25"
"003d3ef1-aecb-5af3-839a-52e236a76266","2019-12-27"
"003d3ef1-aecb-5af3-839a-52e236a76266","2020-01-27"
"003d3ef1-aecb-5af3-839a-52e236a76266","2020-02-25"
"003d3ef1-aecb-5af3-839a-52e236a76266","2020-03-25"
"003d3ef1-aecb-5af3-839a-52e236a76266","2020-04-27"
"003d3ef1-aecb-5af3-839a-52e236a76266","2020-05-26"
"003d3ef1-aecb-5af3-839a-52e236a76266","2020-06-25"
"003d3ef1-aecb-5af3-839a-52e236a76266","2020-07-27"
"003d3ef1-aecb-5af3-839a-52e236a76266","2020-08-25"
"003d4190-601a-531f-b1ec-f2b8d3573371","2020-03-13"
"003d4190-601a-531f-b1ec-f2b8d3573371","2020-04-14"
"003d4190-601a-531f-b1ec-f2b8d3573371","2020-05-13"
"003d4190-601a-531f-b1ec-f2b8d3573371","2020-06-15"
"003d4190-601a-531f-b1ec-f2b8d3573371","2020-07-13"
"003d4190-601a-531f-b1ec-f2b8d3573371","2020-08-13"
"003ee118-d848-5487-a36c-2772f0fc620d","2020-05-14"
"003ee118-d848-5487-a36c-2772f0fc620d","2020-06-15"
"003ee118-d848-5487-a36c-2772f0fc620d","2020-07-14"
"003ee118-d848-5487-a36c-2772f0fc620d","2020-08-14"
"003f6d20-9d04-5c2a-b275-b3cfd79226f3","2019-03-25"
"003f6d20-9d04-5c2a-b275-b3cfd79226f3","2019-04-24"
"003f6d20-9d04-5c2a-b275-b3cfd79226f3","2019-05-25"
"003f6d20-9d04-5c2a-b275-b3cfd79226f3","2019-06-24"
"003f6d20-9d04-5c2a-b275-b3cfd79226f3","2019-07-24"
"003f6d20-9d04-5c2a-b275-b3cfd79226f3","2019-08-27"
"003f6d20-9d04-5c2a-b275-b3cfd79226f3","2019-09-24"
"003f6d20-9d04-5c2a-b275-b3cfd79226f3","2019-10-24"
"003f6d20-9d04-5c2a-b275-b3cfd79226f3","2019-11-25"
"003f6d20-9d04-5c2a-b275-b3cfd79226f3","2019-12-24"
"003f6d20-9d04-5c2a-b275-b3cfd79226f3","2020-01-24"
"003f6d20-9d04-5c2a-b275-b3cfd79226f3","2020-02-24"
"003f6d20-9d04-5c2a-b275-b3cfd79226f3","2020-03-24"
"003f6d20-9d04-5c2a-b275-b3cfd79226f3","2020-04-24"
"003f6d20-9d04-5c2a-b275-b3cfd79226f3","2020-05-26"
"003f6d20-9d04-5c2a-b275-b3cfd79226f3","2020-06-24"
"003f6d20-9d04-5c2a-b275-b3cfd79226f3","2020-07-24"
"003f6d20-9d04-5c2a-b275-b3cfd79226f3","2020-08-24"
"003fbd63-22d9-53b7-a542-da0cb256d2bc","2019-05-27"
"003fbd63-22d9-53b7-a542-da0cb256d2bc","2019-06-26"
"003fbd63-22d9-53b7-a542-da0cb256d2bc","2019-07-28"
"003fbd63-22d9-53b7-a542-da0cb256d2bc","2019-08-26"
"003fbd63-22d9-53b7-a542-da0cb256d2bc","2019-09-26"
"003fbd63-22d9-53b7-a542-da0cb256d2bc","2019-10-28"
"003fbd63-22d9-53b7-a542-da0cb256d2bc","2019-11-27"
"003fbd63-22d9-53b7-a542-da0cb256d2bc","2019-12-27"
"003fbd63-22d9-53b7-a542-da0cb256d2bc","2020-01-27"
"003fbd63-22d9-53b7-a542-da0cb256d2bc","2020-02-27"
"003fbd63-22d9-53b7-a542-da0cb256d2bc","2020-03-27"
"003fbd63-22d9-53b7-a542-da0cb256d2bc","2020-04-26"
"003fbd63-22d9-53b7-a542-da0cb256d2bc","2020-05-26"
"003fbd63-22d9-53b7-a542-da0cb256d2bc","2020-06-28"
"003fbd63-22d9-53b7-a542-da0cb256d2bc","2020-07-26"
"003fbd63-22d9-53b7-a542-da0cb256d2bc","2020-08-26"
"0042917e-003f-5ccd-ad07-bfe9236d4f3f","2020-04-01"
"0042917e-003f-5ccd-ad07-bfe9236d4f3f","2020-05-01"
"0042917e-003f-5ccd-ad07-bfe9236d4f3f","2020-06-01"
"0042917e-003f-5ccd-ad07-bfe9236d4f3f","2020-07-01"
"0042917e-003f-5ccd-ad07-bfe9236d4f3f","2020-08-03"
"00443218-6cb8-5da4-af3a-838e65b9bde6","2020-03-16"
"00443218-6cb8-5da4-af3a-838e65b9bde6","2020-04-15"
"00443218-6cb8-5da4-af3a-838e65b9bde6","2020-05-15"
"00443218-6cb8-5da4-af3a-838e65b9bde6","2020-06-15"
"00443218-6cb8-5da4-af3a-838e65b9bde6","2020-07-15"
"00443218-6cb8-5da4-af3a-838e65b9bde6","2020-08-14"
"00454ff1-3a15-5d93-9dde-5378ea162f92","2019-11-25"
"00454ff1-3a15-5d93-9dde-5378ea162f92","2019-12-13"
"00454ff1-3a15-5d93-9dde-5378ea162f92","2020-01-13"
"00454ff1-3a15-5d93-9dde-5378ea162f92","2020-02-14"
"00454ff1-3a15-5d93-9dde-5378ea162f92","2020-03-13"
"00454ff1-3a15-5d93-9dde-5378ea162f92","2020-04-15"
"00454ff1-3a15-5d93-9dde-5378ea162f92","2020-05-13"
"00454ff1-3a15-5d93-9dde-5378ea162f92","2020-06-12"
"00454ff1-3a15-5d93-9dde-5378ea162f92","2020-07-13"
"00454ff1-3a15-5d93-9dde-5378ea162f92","2020-08-14"
"00455836-7998-5027-a194-4b003da68ab4","2020-02-03"
"00455836-7998-5027-a194-4b003da68ab4","2020-03-02"
"00455836-7998-5027-a194-4b003da68ab4","2020-04-01"
"00455836-7998-5027-a194-4b003da68ab4","2020-05-01"
"00455836-7998-5027-a194-4b003da68ab4","2020-06-01"
"00455836-7998-5027-a194-4b003da68ab4","2020-07-01"
"00455836-7998-5027-a194-4b003da68ab4","2020-08-03"
"00458431-2634-5621-b90b-173d3b00ebd6","2020-05-04"
"00458431-2634-5621-b90b-173d3b00ebd6","2020-06-02"
"00458431-2634-5621-b90b-173d3b00ebd6","2020-07-02"
"00458431-2634-5621-b90b-173d3b00ebd6","2020-08-03"
"00474293-22cf-5041-aeb0-12970860766a","2020-04-27"
"00474293-22cf-5041-aeb0-12970860766a","2020-05-26"
"00474293-22cf-5041-aeb0-12970860766a","2020-06-25"
"00474293-22cf-5041-aeb0-12970860766a","2020-07-27"
"00474293-22cf-5041-aeb0-12970860766a","2020-08-25"
"004747b0-a5f9-5a16-9a4e-5b8f7a0bb0b5","2020-06-08"
"004747b0-a5f9-5a16-9a4e-5b8f7a0bb0b5","2020-07-10"
"004747b0-a5f9-5a16-9a4e-5b8f7a0bb0b5","2020-08-10"
"0048446d-7fb2-5b45-aaf5-4270fbac768a","2019-10-01"
"0048446d-7fb2-5b45-aaf5-4270fbac768a","2019-11-01"
"0048446d-7fb2-5b45-aaf5-4270fbac768a","2019-12-02"
"0048446d-7fb2-5b45-aaf5-4270fbac768a","2020-01-02"
"0048446d-7fb2-5b45-aaf5-4270fbac768a","2020-02-03"
"0048446d-7fb2-5b45-aaf5-4270fbac768a","2020-03-02"
"0048446d-7fb2-5b45-aaf5-4270fbac768a","2020-04-01"
"0048446d-7fb2-5b45-aaf5-4270fbac768a","2020-05-01"
"0048446d-7fb2-5b45-aaf5-4270fbac768a","2020-06-01"
"0048446d-7fb2-5b45-aaf5-4270fbac768a","2020-07-01"
"0048446d-7fb2-5b45-aaf5-4270fbac768a","2020-08-03"
"00485fb6-a231-5004-a385-da968e9898b4","2019-05-24"
"00485fb6-a231-5004-a385-da968e9898b4","2019-06-27"
"00485fb6-a231-5004-a385-da968e9898b4","2019-07-26"
"00485fb6-a231-5004-a385-da968e9898b4","2019-09-06"
"00485fb6-a231-5004-a385-da968e9898b4","2019-10-07"
"00485fb6-a231-5004-a385-da968e9898b4","2019-11-05"
"00485fb6-a231-5004-a385-da968e9898b4","2019-12-06"
"00485fb6-a231-5004-a385-da968e9898b4","2020-01-06"
"00485fb6-a231-5004-a385-da968e9898b4","2020-02-07"
"00485fb6-a231-5004-a385-da968e9898b4","2020-03-09"
"00485fb6-a231-5004-a385-da968e9898b4","2020-04-06"
"00485fb6-a231-5004-a385-da968e9898b4","2020-05-07"
"00485fb6-a231-5004-a385-da968e9898b4","2020-06-05"
"00485fb6-a231-5004-a385-da968e9898b4","2020-07-06"
"00485fb6-a231-5004-a385-da968e9898b4","2020-08-07"
"0049eeda-8403-5ecf-bbec-a806fab0507b","2019-11-25"
"0049eeda-8403-5ecf-bbec-a806fab0507b","2019-12-24"
"0049eeda-8403-5ecf-bbec-a806fab0507b","2020-01-24"
"0049eeda-8403-5ecf-bbec-a806fab0507b","2020-02-24"
"0049eeda-8403-5ecf-bbec-a806fab0507b","2020-03-24"
"0049eeda-8403-5ecf-bbec-a806fab0507b","2020-04-24"
"0049eeda-8403-5ecf-bbec-a806fab0507b","2020-05-26"
"0049eeda-8403-5ecf-bbec-a806fab0507b","2020-06-25"
"0049eeda-8403-5ecf-bbec-a806fab0507b","2020-07-24"
"0049eeda-8403-5ecf-bbec-a806fab0507b","2020-08-24"
"004b097e-859f-54dd-8f31-56d87e88c4c6","2020-04-14"
"004b097e-859f-54dd-8f31-56d87e88c4c6","2020-05-11"
"004b097e-859f-54dd-8f31-56d87e88c4c6","2020-06-10"
"004b097e-859f-54dd-8f31-56d87e88c4c6","2020-07-10"
"004b097e-859f-54dd-8f31-56d87e88c4c6","2020-08-10"
"004c0d2d-e667-559d-8f20-08990d92bafe","2019-09-17"
"004c0d2d-e667-559d-8f20-08990d92bafe","2019-10-18"
"004c0d2d-e667-559d-8f20-08990d92bafe","2019-11-17"
"004c0d2d-e667-559d-8f20-08990d92bafe","2019-12-18"
"004c0d2d-e667-559d-8f20-08990d92bafe","2020-01-17"
"004c0d2d-e667-559d-8f20-08990d92bafe","2020-02-17"
"004c0d2d-e667-559d-8f20-08990d92bafe","2020-03-19"
"004c0d2d-e667-559d-8f20-08990d92bafe","2020-04-17"
"004c0d2d-e667-559d-8f20-08990d92bafe","2020-05-18"
"004c0d2d-e667-559d-8f20-08990d92bafe","2020-06-17"
"004c0d2d-e667-559d-8f20-08990d92bafe","2020-07-18"
"004c0d2d-e667-559d-8f20-08990d92bafe","2020-08-17"
"004cc395-99da-573b-94d9-da9edb54f793","2019-09-02"
"004cc395-99da-573b-94d9-da9edb54f793","2019-10-01"
"004cc395-99da-573b-94d9-da9edb54f793","2019-11-01"
"004cc395-99da-573b-94d9-da9edb54f793","2019-12-02"
"004cc395-99da-573b-94d9-da9edb54f793","2020-01-02"
"004cc395-99da-573b-94d9-da9edb54f793","2020-02-03"
"004cc395-99da-573b-94d9-da9edb54f793","2020-03-02"
"004cc395-99da-573b-94d9-da9edb54f793","2020-04-01"
"004cc395-99da-573b-94d9-da9edb54f793","2020-05-01"
"004cc395-99da-573b-94d9-da9edb54f793","2020-06-01"
"004cc395-99da-573b-94d9-da9edb54f793","2020-07-01"
"004cc395-99da-573b-94d9-da9edb54f793","2020-08-03"
"004db4da-3ab6-50aa-984f-985969b4ac35","2019-11-01"
"004db4da-3ab6-50aa-984f-985969b4ac35","2019-12-02"
"004db4da-3ab6-50aa-984f-985969b4ac35","2020-01-02"
"004db4da-3ab6-50aa-984f-985969b4ac35","2020-02-03"
"004db4da-3ab6-50aa-984f-985969b4ac35","2020-03-02"
"004db4da-3ab6-50aa-984f-985969b4ac35","2020-04-01"
"004db4da-3ab6-50aa-984f-985969b4ac35","2020-05-01"
"004db4da-3ab6-50aa-984f-985969b4ac35","2020-06-01"
"004db4da-3ab6-50aa-984f-985969b4ac35","2020-07-01"
"004db4da-3ab6-50aa-984f-985969b4ac35","2020-08-03"
"004db52d-be35-5389-aac1-c5efa642c0c3","2019-03-18"
"004db52d-be35-5389-aac1-c5efa642c0c3","2019-04-16"
"004db52d-be35-5389-aac1-c5efa642c0c3","2019-05-16"
"004db52d-be35-5389-aac1-c5efa642c0c3","2019-06-17"
"004db52d-be35-5389-aac1-c5efa642c0c3","2019-07-16"
"004db52d-be35-5389-aac1-c5efa642c0c3","2019-08-16"
"004db52d-be35-5389-aac1-c5efa642c0c3","2019-09-16"
"004db52d-be35-5389-aac1-c5efa642c0c3","2019-10-16"
"004db52d-be35-5389-aac1-c5efa642c0c3","2019-11-18"
"004db52d-be35-5389-aac1-c5efa642c0c3","2019-12-16"
"004db52d-be35-5389-aac1-c5efa642c0c3","2020-01-16"
"004db52d-be35-5389-aac1-c5efa642c0c3","2020-02-17"
"004db52d-be35-5389-aac1-c5efa642c0c3","2020-03-16"
"004db52d-be35-5389-aac1-c5efa642c0c3","2020-04-16"
"004db52d-be35-5389-aac1-c5efa642c0c3","2020-05-18"
"004db52d-be35-5389-aac1-c5efa642c0c3","2020-06-16"
"004db52d-be35-5389-aac1-c5efa642c0c3","2020-07-16"
"004db52d-be35-5389-aac1-c5efa642c0c3","2020-08-17"
"004e3d81-f337-5740-ae29-4e164a955c72","2019-12-02"
"004e3d81-f337-5740-ae29-4e164a955c72","2020-01-02"
"004e3d81-f337-5740-ae29-4e164a955c72","2020-02-03"
"004e3d81-f337-5740-ae29-4e164a955c72","2020-03-02"
"004e3d81-f337-5740-ae29-4e164a955c72","2020-04-01"
"004e3d81-f337-5740-ae29-4e164a955c72","2020-05-01"
"004e3d81-f337-5740-ae29-4e164a955c72","2020-06-01"
"004e3d81-f337-5740-ae29-4e164a955c72","2020-07-01"
"004e3d81-f337-5740-ae29-4e164a955c72","2020-08-03"
"004f0e6d-fa80-5871-87bb-362415916e47","2020-06-06"
"004f0e6d-fa80-5871-87bb-362415916e47","2020-07-05"
"004f0e6d-fa80-5871-87bb-362415916e47","2020-08-06"
"004f5d03-9564-5757-b911-4e621ed02fa7","2019-12-03"
"004f5d03-9564-5757-b911-4e621ed02fa7","2020-01-03"
"004f5d03-9564-5757-b911-4e621ed02fa7","2020-02-03"
"004f5d03-9564-5757-b911-4e621ed02fa7","2020-03-03"
"004f5d03-9564-5757-b911-4e621ed02fa7","2020-04-03"
"004f5d03-9564-5757-b911-4e621ed02fa7","2020-05-04"
"004f5d03-9564-5757-b911-4e621ed02fa7","2020-06-03"
"004f5d03-9564-5757-b911-4e621ed02fa7","2020-07-03"
"004f5d03-9564-5757-b911-4e621ed02fa7","2020-08-03"
"004faa70-b252-5fae-8626-025359527e83","2019-10-16"
"004faa70-b252-5fae-8626-025359527e83","2019-11-18"
"004faa70-b252-5fae-8626-025359527e83","2019-12-18"
"004faa70-b252-5fae-8626-025359527e83","2020-01-16"
"004faa70-b252-5fae-8626-025359527e83","2020-02-18"
"004faa70-b252-5fae-8626-025359527e83","2020-03-18"
"004faa70-b252-5fae-8626-025359527e83","2020-04-16"
"004faa70-b252-5fae-8626-025359527e83","2020-05-18"
"004faa70-b252-5fae-8626-025359527e83","2020-06-17"
"004faa70-b252-5fae-8626-025359527e83","2020-07-16"
"004faa70-b252-5fae-8626-025359527e83","2020-08-19"
"00507889-2c5b-58b7-8d5b-deedf6988364","2019-11-01"
"00507889-2c5b-58b7-8d5b-deedf6988364","2019-12-02"
"00507889-2c5b-58b7-8d5b-deedf6988364","2020-01-02"
"00507889-2c5b-58b7-8d5b-deedf6988364","2020-02-03"
"00507889-2c5b-58b7-8d5b-deedf6988364","2020-03-02"
"00507889-2c5b-58b7-8d5b-deedf6988364","2020-04-01"
"00507889-2c5b-58b7-8d5b-deedf6988364","2020-05-01"
"00507889-2c5b-58b7-8d5b-deedf6988364","2020-06-01"
"00507889-2c5b-58b7-8d5b-deedf6988364","2020-07-01"
"00507889-2c5b-58b7-8d5b-deedf6988364","2020-08-03"
"00519359-f740-543a-bcca-31bd4095b3d6","2019-04-01"
"00519359-f740-543a-bcca-31bd4095b3d6","2019-04-30"
"00519359-f740-543a-bcca-31bd4095b3d6","2019-06-02"
"00519359-f740-543a-bcca-31bd4095b3d6","2019-06-30"
"00519359-f740-543a-bcca-31bd4095b3d6","2019-07-31"
"00519359-f740-543a-bcca-31bd4095b3d6","2019-09-01"
"00519359-f740-543a-bcca-31bd4095b3d6","2019-09-30"
"00519359-f740-543a-bcca-31bd4095b3d6","2019-11-01"
"00519359-f740-543a-bcca-31bd4095b3d6","2019-12-02"
"00519359-f740-543a-bcca-31bd4095b3d6","2020-01-02"
"00519359-f740-543a-bcca-31bd4095b3d6","2020-02-03"
"00519359-f740-543a-bcca-31bd4095b3d6","2020-03-02"
"00519359-f740-543a-bcca-31bd4095b3d6","2020-04-01"
"00519359-f740-543a-bcca-31bd4095b3d6","2020-04-30"
"00519359-f740-543a-bcca-31bd4095b3d6","2020-06-01"
"00519359-f740-543a-bcca-31bd4095b3d6","2020-07-01"
"00519359-f740-543a-bcca-31bd4095b3d6","2020-08-02"
"00519359-f740-543a-bcca-31bd4095b3d6","2020-08-31"
"00531828-b446-5c52-a845-5ffcffb51a8f","2020-01-02"
"00531828-b446-5c52-a845-5ffcffb51a8f","2020-02-03"
"00531828-b446-5c52-a845-5ffcffb51a8f","2020-03-02"
"00531828-b446-5c52-a845-5ffcffb51a8f","2020-04-01"
"00531828-b446-5c52-a845-5ffcffb51a8f","2020-05-03"
"00531828-b446-5c52-a845-5ffcffb51a8f","2020-06-01"
"00531828-b446-5c52-a845-5ffcffb51a8f","2020-07-01"
"00531828-b446-5c52-a845-5ffcffb51a8f","2020-08-02"
"005334c2-4ed9-5df8-a973-565d2d04ac56","2020-05-11"
"005334c2-4ed9-5df8-a973-565d2d04ac56","2020-06-08"
"005334c2-4ed9-5df8-a973-565d2d04ac56","2020-07-08"
"005334c2-4ed9-5df8-a973-565d2d04ac56","2020-08-10"
"0053947b-2a29-5cbc-8d61-85f2edd1684f","2020-04-28"
"0053947b-2a29-5cbc-8d61-85f2edd1684f","2020-06-01"
"0053947b-2a29-5cbc-8d61-85f2edd1684f","2020-06-29"
"0053947b-2a29-5cbc-8d61-85f2edd1684f","2020-07-28"
"00547566-d8e4-5af7-8f74-c5f6203b2d0a","2020-05-05"
"00547566-d8e4-5af7-8f74-c5f6203b2d0a","2020-06-05"
"00547566-d8e4-5af7-8f74-c5f6203b2d0a","2020-07-06"
"00547566-d8e4-5af7-8f74-c5f6203b2d0a","2020-08-05"
"00549cd5-79a6-5646-b2af-646786f59219","2020-04-17"
"00549cd5-79a6-5646-b2af-646786f59219","2020-05-18"
"00549cd5-79a6-5646-b2af-646786f59219","2020-06-17"
"00549cd5-79a6-5646-b2af-646786f59219","2020-07-17"
"00549cd5-79a6-5646-b2af-646786f59219","2020-08-17"
"0055e63d-1a2f-53f2-b8d9-bf085fac9645","2020-04-15"
"0055e63d-1a2f-53f2-b8d9-bf085fac9645","2020-05-16"
"0055e63d-1a2f-53f2-b8d9-bf085fac9645","2020-06-15"
"0055e63d-1a2f-53f2-b8d9-bf085fac9645","2020-07-15"
"0055e63d-1a2f-53f2-b8d9-bf085fac9645","2020-08-14"
"00572701-6f34-5f9e-acf0-d0c18506cf59","2019-12-30"
"00572701-6f34-5f9e-acf0-d0c18506cf59","2020-01-28"
"00572701-6f34-5f9e-acf0-d0c18506cf59","2020-02-28"
"00572701-6f34-5f9e-acf0-d0c18506cf59","2020-03-29"
"00572701-6f34-5f9e-acf0-d0c18506cf59","2020-04-27"
"00572701-6f34-5f9e-acf0-d0c18506cf59","2020-05-28"
"00572701-6f34-5f9e-acf0-d0c18506cf59","2020-06-28"
"00572701-6f34-5f9e-acf0-d0c18506cf59","2020-07-27"
"00572701-6f34-5f9e-acf0-d0c18506cf59","2020-08-27"
"005796db-3240-5d63-9500-1a2e5f6342c3","2020-02-12"
"005796db-3240-5d63-9500-1a2e5f6342c3","2020-03-12"
"005796db-3240-5d63-9500-1a2e5f6342c3","2020-04-12"
"005796db-3240-5d63-9500-1a2e5f6342c3","2020-05-12"
"005796db-3240-5d63-9500-1a2e5f6342c3","2020-06-12"
"005796db-3240-5d63-9500-1a2e5f6342c3","2020-07-13"
"005796db-3240-5d63-9500-1a2e5f6342c3","2020-08-12"
"005848aa-8f5a-5f08-b964-768777fba7ff","2019-10-16"
"005848aa-8f5a-5f08-b964-768777fba7ff","2019-11-14"
"005848aa-8f5a-5f08-b964-768777fba7ff","2019-12-16"
"005848aa-8f5a-5f08-b964-768777fba7ff","2020-01-15"
"005848aa-8f5a-5f08-b964-768777fba7ff","2020-02-14"
"005848aa-8f5a-5f08-b964-768777fba7ff","2020-03-16"
"005848aa-8f5a-5f08-b964-768777fba7ff","2020-04-16"
"005848aa-8f5a-5f08-b964-768777fba7ff","2020-05-14"
"005848aa-8f5a-5f08-b964-768777fba7ff","2020-06-16"
"005848aa-8f5a-5f08-b964-768777fba7ff","2020-07-15"
"005848aa-8f5a-5f08-b964-768777fba7ff","2020-08-14"
"00594010-0038-5ce9-8a59-c57731664d95","2019-12-03"
"00594010-0038-5ce9-8a59-c57731664d95","2020-01-07"
"00594010-0038-5ce9-8a59-c57731664d95","2020-02-03"
"00594010-0038-5ce9-8a59-c57731664d95","2020-03-04"
"00594010-0038-5ce9-8a59-c57731664d95","2020-04-02"
"00594010-0038-5ce9-8a59-c57731664d95","2020-05-04"
"00594010-0038-5ce9-8a59-c57731664d95","2020-06-03"
"00594010-0038-5ce9-8a59-c57731664d95","2020-07-03"
"00594010-0038-5ce9-8a59-c57731664d95","2020-08-03"
"005b9eaa-1e4b-53a2-adb0-1719d36e1cc1","2019-09-02"
"005b9eaa-1e4b-53a2-adb0-1719d36e1cc1","2019-10-03"
"005b9eaa-1e4b-53a2-adb0-1719d36e1cc1","2019-11-04"
"005b9eaa-1e4b-53a2-adb0-1719d36e1cc1","2019-12-03"
"005b9eaa-1e4b-53a2-adb0-1719d36e1cc1","2020-01-02"
"005b9eaa-1e4b-53a2-adb0-1719d36e1cc1","2020-02-03"
"005b9eaa-1e4b-53a2-adb0-1719d36e1cc1","2020-03-04"
"005b9eaa-1e4b-53a2-adb0-1719d36e1cc1","2020-04-02"
"005b9eaa-1e4b-53a2-adb0-1719d36e1cc1","2020-05-04"
"005b9eaa-1e4b-53a2-adb0-1719d36e1cc1","2020-06-03"
"005b9eaa-1e4b-53a2-adb0-1719d36e1cc1","2020-07-03"
"005b9eaa-1e4b-53a2-adb0-1719d36e1cc1","2020-08-03"
"005d7cb1-a258-5a30-8837-19e92afdb690","2019-03-01"
"005d7cb1-a258-5a30-8837-19e92afdb690","2019-04-01"
"005d7cb1-a258-5a30-8837-19e92afdb690","2019-05-01"
"005d7cb1-a258-5a30-8837-19e92afdb690","2019-06-03"
"005d7cb1-a258-5a30-8837-19e92afdb690","2019-07-01"
"005d7cb1-a258-5a30-8837-19e92afdb690","2019-08-01"
"005d7cb1-a258-5a30-8837-19e92afdb690","2019-09-02"
"005d7cb1-a258-5a30-8837-19e92afdb690","2019-10-01"
"005d7cb1-a258-5a30-8837-19e92afdb690","2019-11-01"
"005d7cb1-a258-5a30-8837-19e92afdb690","2019-12-02"
"005d7cb1-a258-5a30-8837-19e92afdb690","2020-01-02"
"005d7cb1-a258-5a30-8837-19e92afdb690","2020-02-03"
"005d7cb1-a258-5a30-8837-19e92afdb690","2020-03-02"
"005d7cb1-a258-5a30-8837-19e92afdb690","2020-04-01"
"005d7cb1-a258-5a30-8837-19e92afdb690","2020-05-01"
"005d7cb1-a258-5a30-8837-19e92afdb690","2020-06-01"
"005d7cb1-a258-5a30-8837-19e92afdb690","2020-07-01"
"005d7cb1-a258-5a30-8837-19e92afdb690","2020-08-03"
"005e9292-23cb-526f-8da3-f93699bcfd45","2019-05-10"
"005e9292-23cb-526f-8da3-f93699bcfd45","2019-06-10"
"005e9292-23cb-526f-8da3-f93699bcfd45","2019-07-08"
"005e9292-23cb-526f-8da3-f93699bcfd45","2019-08-08"
"005e9292-23cb-526f-8da3-f93699bcfd45","2019-09-09"
"005e9292-23cb-526f-8da3-f93699bcfd45","2019-10-08"
"005e9292-23cb-526f-8da3-f93699bcfd45","2019-11-08"
"005e9292-23cb-526f-8da3-f93699bcfd45","2019-12-09"
"005e9292-23cb-526f-8da3-f93699bcfd45","2020-01-08"
"005e9292-23cb-526f-8da3-f93699bcfd45","2020-02-10"
"005e9292-23cb-526f-8da3-f93699bcfd45","2020-03-09"
"005e9292-23cb-526f-8da3-f93699bcfd45","2020-04-08"
"005e9292-23cb-526f-8da3-f93699bcfd45","2020-05-11"
"005e9292-23cb-526f-8da3-f93699bcfd45","2020-06-08"
"005e9292-23cb-526f-8da3-f93699bcfd45","2020-07-08"
"005e9292-23cb-526f-8da3-f93699bcfd45","2020-08-10"
"005ffb59-3e23-5e6d-867c-b3342e8a9977","2019-11-22"
"005ffb59-3e23-5e6d-867c-b3342e8a9977","2019-12-23"
"005ffb59-3e23-5e6d-867c-b3342e8a9977","2020-01-23"
"005ffb59-3e23-5e6d-867c-b3342e8a9977","2020-02-24"
"005ffb59-3e23-5e6d-867c-b3342e8a9977","2020-03-23"
"005ffb59-3e23-5e6d-867c-b3342e8a9977","2020-04-22"
"005ffb59-3e23-5e6d-867c-b3342e8a9977","2020-05-23"
"005ffb59-3e23-5e6d-867c-b3342e8a9977","2020-06-22"
"005ffb59-3e23-5e6d-867c-b3342e8a9977","2020-07-22"
"005ffb59-3e23-5e6d-867c-b3342e8a9977","2020-08-22"
